Customer_ID,FirstName,LastName,City,State,Country
1,Benjamin,Shaw,Wallaceview,California,Belgium
2,Michelle,Armstrong,Port Tiffany,Iowa,Fiji
3,Katherine,Horn,Amandaside,Wyoming,Chad
4,Jeffrey,Williams,Lake Mario,Alabama,Western Sahara
5,Matthew,Poole,Wandatown,New Mexico,France
6,Allison,Jimenez,Hansenfurt,Indiana,Ukraine
7,Aaron,Henderson,Darrellmouth,Massachusetts,Saint Helena
8,Melissa,Ritter,Cabreraport,North Carolina,Mauritania
9,Tracy,Rodgers,Jonesburgh,Maryland,Jersey
10,Sean,Pittman,New Tamarahaven,Minnesota,Mauritius
11,Jeffrey,Harrell,Julietown,Maryland,Botswana
12,Julie,Davis,North James,Georgia,Kiribati
13,Dawn,Mejia,Thomasfort,Pennsylvania,Serbia
14,Mark,Spence,North Ginaborough,Kansas,Netherlands Antilles
15,Alexandra,Oliver,New Haroldbury,West Virginia,Canada
16,Aaron,Jordan,Brandymouth,New Mexico,Korea
17,Katrina,Torres,South Dominique,North Dakota,Nicaragua
18,Gregory,Warren,Elizabethland,Arkansas,Burundi
19,Stephanie,Quinn,Hudsonborough,Alaska,Slovenia
20,Richard,Sanchez,North Cheyenneborough,Mississippi,Anguilla
21,Charles,Shepard,Johnsonfort,Ohio,Andorra
22,David,Mathis,Robertshire,Utah,Tokelau
23,Derrick,Sampson,Calhountown,Florida,Svalbard & Jan Mayen Islands
24,Theresa,Ward,Port Dean,New Hampshire,New Caledonia
25,Peter,Malone,West Melinda,Texas,Cyprus
26,Frances,Garcia,Lewisborough,Alaska,Sierra Leone
27,Melissa,Cain,Lake Dustin,Idaho,Niue
28,Bruce,Fleming,Danabury,South Dakota,Cuba
29,Anthony,Chavez,East Josephside,Minnesota,Niger
30,Tiffany,Lam,South Mario,New Mexico,Bulgaria
31,Heather,Carter,Buckberg,Washington,Pitcairn Islands
32,Virginia,Osborne,East Richard,Kansas,Tajikistan
33,Ashley,Williams,Rodriguezland,Iowa,Wallis and Futuna
34,Samuel,Davis,North Heather,Vermont,Lesotho
35,Elizabeth,Hart,Jamieport,Utah,Eritrea
36,Edward,Spears,Haasport,Wyoming,Aruba
37,Lauren,Reilly,West Johnborough,Maryland,Mauritania
38,Alexander,Martinez,Nicoleshire,Alabama,Palau
39,Erika,Randolph,West Michaelside,Massachusetts,Syrian Arab Republic
40,Margaret,Hill,New Melanieview,Virginia,Cote d'Ivoire
41,Tammy,Thomas,Nelsonhaven,Indiana,Mauritius
42,James,Caldwell,East Jose,Pennsylvania,Malaysia
43,Monique,Barrett,Port Davidton,New Jersey,Guinea-Bissau
44,Cynthia,Wells,Michaelmouth,Connecticut,Uzbekistan
45,Stephen,Rangel,Woodmouth,Maine,Bahamas
46,Adam,Young,Garyview,Washington,Pitcairn Islands
47,Timothy,Johnson,South Brendan,Tennessee,Nauru
48,James,Barton,Joneshaven,Hawaii,Cameroon
49,Steven,Hernandez,North Jennaport,North Carolina,Lao People's Democratic Republic
50,Sharon,Collins,Holmesberg,New Hampshire,Kyrgyz Republic
51,Robert,Mann,Lake Stephaniefort,Rhode Island,Thailand
52,Carl,Thomas,Frazierland,North Dakota,Kenya
53,Heather,Patterson,New Rebecca,South Dakota,Finland
54,Eric,Erickson,Huynhview,New Hampshire,Saint Lucia
55,Michael,Torres,Harrisonborough,Rhode Island,Palau
56,Tammy,Washington,North Carolyn,Texas,Cayman Islands
57,Shirley,Hernandez,South Paulfort,Nevada,Micronesia
58,Kristina,White,New Jon,Colorado,Norfolk Island
59,Denise,Thompson,Matthewtown,Rhode Island,Burundi
60,James,Davidson,Davismouth,Nebraska,United States of America
61,Joan,Daniels,West Jessica,Rhode Island,Tuvalu
62,Cassidy,Shaw,Travisland,Montana,India
63,Christopher,White,West Christina,Missouri,Oman
64,Teresa,Mann,East George,New York,Cape Verde
65,Derrick,Hines,Bushbury,Maryland,Turks and Caicos Islands
66,Lisa,Galloway,East Daniel,Mississippi,Ireland
67,Samuel,Garcia,New David,Nebraska,Cape Verde
68,Jeffrey,Miles,Janiceland,Maryland,Myanmar
69,Richard,White,West James,Nevada,Korea
70,Grace,Ramos,Johnmouth,Washington,Kiribati
71,Dennis,Mccann,East Michael,Alaska,Rwanda
72,Wayne,Greer,East Charles,Minnesota,Benin
73,Crystal,Gilbert,Dodsonfurt,Vermont,Morocco
74,Allison,Mcconnell,Mitchellbury,Colorado,Gibraltar
75,Stephanie,Montes,South Robertport,Florida,Antarctica (the territory South of 60 deg S)
76,Frank,Rivera,Port Davidmouth,Arkansas,Guinea
77,Susan,Gibson,New Heather,Florida,Burundi
78,Meghan,Beasley,Carolland,Hawaii,Saint Helena
79,Kelly,Crawford,South Linda,Rhode Island,San Marino
80,Michael,Diaz,Matthewton,Maine,Moldova
81,Kathy,Cantrell,East Hailey,Delaware,Mozambique
82,Melissa,Gonzalez,Jonesberg,Mississippi,Trinidad and Tobago
83,Jennifer,Robinson,Port Dana,Connecticut,Grenada
84,Ricardo,Larson,Martinezmouth,Idaho,Paraguay
85,Krystal,Morales,Gregoryborough,West Virginia,Namibia
86,Courtney,Hart,Hallmouth,Florida,Syrian Arab Republic
87,Hector,Crawford,Seanfort,Ohio,North Macedonia
88,Haley,Jones,Port Barbarafurt,North Carolina,Mauritius
89,Albert,Harmon,New Rachelmouth,Tennessee,Slovenia
90,Brian,Gould,East Shannonfurt,Missouri,Sri Lanka
91,Javier,Oconnor,South Adamside,Nebraska,Kuwait
92,Travis,Miller,New Williamberg,Hawaii,Gambia
93,Logan,Dixon,New Charles,Mississippi,Cuba
94,Christopher,Cole,Gabriellestad,Washington,Cyprus
95,Louis,Davis,South Andrewside,South Dakota,Bahamas
96,Corey,Smith,Andremouth,Indiana,Rwanda
97,Kristie,King,Jeffreymouth,Louisiana,Romania
98,David,Willis,Floresfort,Florida,Sierra Leone
99,Manuel,Hill,Claudiaport,Mississippi,Andorra
100,Rose,Rubio,South Michael,Georgia,Chad
101,Samuel,Mills,Davisstad,Hawaii,Mauritania
102,Derrick,Howard,Michaelport,Arkansas,Aruba
103,Barbara,Thomas,Juliaport,Minnesota,Philippines
104,Danielle,Fuller,Jacobmouth,Delaware,China
105,Holly,Adams,Port Jennifer,Rhode Island,New Zealand
106,Samantha,Young,South Erinmouth,Colorado,Dominican Republic
107,Richard,Estes,West Noah,Michigan,Oman
108,Timothy,Mccoy,Perezburgh,Illinois,Afghanistan
109,Michelle,Guzman,Edwinhaven,Mississippi,Taiwan
110,Karen,Brooks,Boyerberg,Florida,Tuvalu
111,Kelly,Chambers,Kevinchester,Delaware,Fiji
112,Abigail,Hoffman,Port Dean,Ohio,Lebanon
113,Gary,Andrews,New Barbara,Wyoming,British Indian Ocean Territory (Chagos Archipelago)
114,David,Bentley,East Jessica,Pennsylvania,Cape Verde
115,Laura,Sellers,New Anthonyside,Rhode Island,United Kingdom
116,Tabitha,Johnson,Wrighttown,Delaware,Indonesia
117,Devon,Stewart,Samanthaborough,Hawaii,Kiribati
118,Kristin,Fowler,Port Darrellhaven,Oregon,Gibraltar
119,Keith,Maldonado,West Sarah,Wisconsin,Ecuador
120,Jennifer,Brown,South Thomas,North Carolina,Lao People's Democratic Republic
121,Robert,Carter,East Katie,Arizona,Solomon Islands
122,Molly,Smith,West Justin,Maine,Kazakhstan
123,Judith,Huff,Brianton,North Carolina,Norfolk Island
124,Jerry,Carrillo,Geraldstad,Utah,Suriname
125,Janet,Cox,Jonestown,Oregon,Saint Martin
126,Jennifer,Fischer,East Christopherchester,Ohio,Mexico
127,Amy,Johnson,Tammyville,Rhode Island,Congo
128,Angel,Russo,New Saraburgh,New Jersey,Bouvet Island (Bouvetoya)
129,Laura,Jackson,East Craig,Illinois,Djibouti
130,Jenny,Barker,East Courtney,Oklahoma,Bangladesh
131,John,Macdonald,Sydneyfurt,Minnesota,Finland
132,Katie,Henderson,Watsonview,Indiana,Ethiopia
133,David,Vasquez,Port Michael,Mississippi,Monaco
134,Ernest,Hodges,New Marc,Massachusetts,El Salvador
135,Monique,Green,Adamchester,Pennsylvania,Holy See (Vatican City State)
136,Margaret,Henry,West Loristad,Illinois,Malaysia
137,Amy,Harper,Stevenmouth,Oklahoma,Samoa
138,David,Strong,Ryanton,Texas,South Georgia and the South Sandwich Islands
139,Christopher,Rich,Victoriahaven,Wyoming,Algeria
140,Teresa,Williams,Amberborough,Massachusetts,El Salvador
141,Lisa,Newman,Wardtown,Texas,Liechtenstein
142,Kimberly,Hamilton,North Matthewside,Oklahoma,Belgium
143,Robert,Griffin,Mcbrideberg,South Carolina,Botswana
144,Scott,Roberts,Elizabethport,Michigan,Faroe Islands
145,Jennifer,Zamora,East Rebeccabury,Montana,Cyprus
146,Keith,Thompson,Lake Brandifort,Texas,Belarus
147,Jacqueline,Morgan,Port Michelle,Rhode Island,Hong Kong
148,Brian,Ruiz,Williamhaven,New Hampshire,Liechtenstein
149,Christopher,Sexton,Geraldport,Florida,Isle of Man
150,Jon,Santiago,Elizabethhaven,Arkansas,Ireland
151,Anthony,Sheppard,East Karen,North Carolina,Ireland
152,George,Mitchell,South Eric,West Virginia,Finland
153,Timothy,Harvey,Chloeberg,North Carolina,Guadeloupe
154,Jessica,Peterson,New Melinda,Nebraska,China
155,Joshua,Dawson,Thompsonmouth,Arkansas,Bhutan
156,Jonathan,Green,Ramseystad,Kentucky,Egypt
157,Kathryn,Maddox,Gaytown,Georgia,Burundi
158,Jeremy,York,Anthonymouth,North Dakota,Guam
159,Crystal,Barnes,Port Charles,Idaho,Heard Island and McDonald Islands
160,Joshua,Thomas,South Karenburgh,South Dakota,Tokelau
161,Margaret,Flores,Hayleyhaven,Kentucky,Palestinian Territory
162,Wanda,Miller,Bradleybury,Texas,Congo
163,Joshua,Whitehead,Alexanderstad,Texas,Portugal
164,Natalie,Watson,East Christineburgh,Oregon,Congo
165,Diane,Hebert,East Michael,Mississippi,French Southern Territories
166,Brian,Mendoza,Walkermouth,Alaska,Heard Island and McDonald Islands
167,Amanda,Villegas,West Jill,Indiana,Norway
168,Jeffrey,Harris,West Jacobtown,West Virginia,India
169,Tracey,Carr,Burkeburgh,Washington,Isle of Man
170,Ashley,White,East Robertchester,Ohio,Colombia
171,Debbie,Palmer,Teresaside,California,Gibraltar
172,Phillip,Kemp,Simonberg,West Virginia,Tokelau
173,Sheryl,Hernandez,New Leahtown,Maryland,Guadeloupe
174,Eric,Fuentes,East Andrewmouth,New York,Switzerland
175,Suzanne,Wilson,Jordanland,Maine,Turks and Caicos Islands
176,Alexis,Dickerson,Vanessatown,Oregon,Lesotho
177,Mitchell,Bush,Lake Catherine,Utah,Guam
178,Elizabeth,Jordan,West Briana,New Jersey,Saint Vincent and the Grenadines
179,Carrie,Wilkerson,Vargasshire,New Jersey,Zimbabwe
180,Marcus,Nelson,Howellchester,Nevada,French Guiana
181,Holly,Guzman,Larryport,New Jersey,Brunei Darussalam
182,Savannah,Little,Westfurt,California,Niger
183,Dana,King,Jacobstad,Georgia,Mali
184,Cynthia,Medina,Donaldland,Ohio,Lithuania
185,Amy,Greene,North Kellystad,West Virginia,Congo
186,Mark,Wallace,Johnstonbury,Minnesota,Kiribati
187,Rachel,Thomas,Port Elizabeth,West Virginia,Sao Tome and Principe
188,Jacob,Johns,Heatherbury,Maryland,Sri Lanka
189,Alyssa,Adams,West Larry,Michigan,Dominican Republic
190,Danielle,Phillips,New Jodi,Louisiana,Israel
191,Sonia,Patterson,East Michaelchester,Tennessee,Mexico
192,Robert,Perry,Erikatown,Louisiana,Niger
193,Sean,Peterson,Destinyport,Arizona,Croatia
194,Samantha,Moore,Marissabury,New York,French Southern Territories
195,Heather,Campbell,Lake Shanefort,Missouri,Sweden
196,Molly,Collins,Lukefort,New York,Central African Republic
197,Jill,Morrison,Lake Nancy,Kansas,Indonesia
198,Veronica,Green,Joanfurt,Rhode Island,Bolivia
199,Crystal,Johns,North Dustin,Wisconsin,Niger
200,William,Smith,Lucaschester,Tennessee,Gabon
201,Monique,Leonard,Port Richardburgh,Alabama,Saint Vincent and the Grenadines
202,Mark,Reyes,West Karentown,Missouri,Thailand
203,Hector,Chavez,Kennethmouth,Georgia,Northern Mariana Islands
204,Lynn,Whitaker,North Diana,North Dakota,Colombia
205,Beth,Hughes,Kendratown,Virginia,Benin
206,Randall,Reyes,Bullockside,Oklahoma,Micronesia
207,Ana,Hammond,Sarahshire,Texas,Gabon
208,Tammy,Gonzalez,Codymouth,New Mexico,Liberia
209,Debra,Reilly,Barnesbury,Alaska,Barbados
210,John,Smith,Port Patricia,Louisiana,Indonesia
211,Ann,Dickson,New Melanie,California,Venezuela
212,Kimberly,Gardner,Atkinschester,Utah,Montserrat
213,Justin,Beard,Lake Christinafurt,Wisconsin,Ukraine
214,Dawn,Weber,Johnsside,Minnesota,French Southern Territories
215,John,Bush,Mcintoshfort,Alabama,United Arab Emirates
216,Amy,Santos,South Angelaport,Maryland,Cambodia
217,Amanda,Barnes,East Meganville,North Dakota,New Zealand
218,Phillip,Wallace,North Justin,South Dakota,Antigua and Barbuda
219,Joe,Cannon,East Pennyfort,Nevada,Sri Lanka
220,Erica,Moore,Marialand,Alaska,Malta
221,Nathaniel,Jackson,Port Shelbychester,New Hampshire,French Polynesia
222,Jessica,Bryant,Markport,New Hampshire,Switzerland
223,Guy,Carson,East Kennethhaven,Indiana,Equatorial Guinea
224,Mark,Turner,North Danatown,Kentucky,Nepal
225,Dillon,Camacho,Barkerland,Wyoming,Paraguay
226,Julie,Peters,Taylorchester,Maryland,Korea
227,Rebecca,Charles,Lake Valeriebury,Vermont,Mauritius
228,Alexis,Stokes,West Jacquelineberg,Mississippi,Tokelau
229,Micheal,Medina,Lake Molly,Michigan,Romania
230,Jeremiah,Johnson,Larryfurt,California,Guernsey
231,Lynn,Morris,Lake Michellefurt,Pennsylvania,Guatemala
232,Sarah,Marsh,Jenningshaven,Iowa,Norway
233,Allison,Payne,Denisemouth,West Virginia,Bahrain
234,Amber,Walsh,Jacquelineland,Delaware,Saint Helena
235,Stacie,Simmons,Port Kaylee,Massachusetts,Tajikistan
236,James,Wright,Suarezview,Tennessee,Kenya
237,Brenda,Ryan,Allenland,Hawaii,Guernsey
238,Olivia,Wilson,Port Anthonyfort,Missouri,Saint Helena
239,Rachel,Smith,South Stacy,Georgia,Bangladesh
240,Erica,Rivas,New Nancy,Mississippi,Heard Island and McDonald Islands
241,James,Chandler,Williamville,Wyoming,Somalia
242,Rodney,Young,Lake Diana,New York,Maldives
243,Sherry,Dudley,Lake Victoria,South Carolina,Morocco
244,Tamara,Johnson,Gillside,Alabama,Slovenia
245,Nicholas,Brandt,Johnhaven,Wisconsin,Uganda
246,April,Robbins,Kellyport,Tennessee,Antarctica (the territory South of 60 deg S)
247,Paul,Sanders,Port Kara,Louisiana,Poland
248,David,Mitchell,Emilyfort,Mississippi,Uruguay
249,Jessica,Mccormick,Hillberg,Alabama,Qatar
250,Megan,Martin,New Sarahberg,Alabama,Congo
251,Kyle,Scott,Jameshaven,Arizona,Uganda
252,Lynn,Davis,North Timothy,Alaska,Haiti
253,Julie,Walton,North Jason,Ohio,Turkmenistan
254,David,Johnson,Port Robert,California,Guyana
255,Sharon,Lambert,Williamsborough,Florida,United States of America
256,Zachary,Berg,Kimberlyhaven,Connecticut,Mozambique
257,Cynthia,Moore,Lake Jacqueline,Colorado,Puerto Rico
258,Katie,Thompson,Jamesborough,Kentucky,Slovenia
259,Shannon,Garcia,Huntstad,Montana,Korea
260,Thomas,Ruiz,North Lawrence,South Dakota,Panama
261,Austin,Leach,Lake Wayne,California,Iceland
262,Jeffrey,Mueller,North Jose,Florida,French Polynesia
263,Victor,Maddox,Atkinsonfort,West Virginia,United States of America
264,Jennifer,Roy,South Lisamouth,Wyoming,Nicaragua
265,Ashley,Hall,Allenport,Vermont,Croatia
266,Brooke,Mccormick,Lake William,Oklahoma,British Virgin Islands
267,Stephen,Schwartz,Port Katherineside,Maryland,Holy See (Vatican City State)
268,Andrea,Huffman,West Lisashire,Massachusetts,Seychelles
269,Charles,Quinn,South Ana,Delaware,Fiji
270,Brooke,Mejia,South Patty,Iowa,Montserrat
271,Samuel,Mueller,West Brittany,Idaho,British Virgin Islands
272,Christine,Travis,Michaelmouth,Washington,Andorra
273,Michael,Smith,Ericksonmouth,North Carolina,Grenada
274,Mary,Bowen,Jacksonbury,South Carolina,Holy See (Vatican City State)
275,Kenneth,Bryant,Ericville,Tennessee,Peru
276,Jacob,Andersen,Kurttown,Utah,New Zealand
277,David,Mason,New Staceymouth,Maine,Andorra
278,Leslie,Hernandez,New Kristopher,Arizona,Haiti
279,David,Harrison,South Davidstad,Delaware,Sierra Leone
280,Justin,Levy,Richardton,Hawaii,Germany
281,Richard,Long,Port Spencer,Colorado,Samoa
282,Jessica,Simmons,Jamesside,Hawaii,Macao
283,Tara,Smith,East Cindy,Nevada,San Marino
284,Patricia,Williamson,Glennside,Oregon,Luxembourg
285,Cassandra,Brown,South Jennamouth,Nevada,Angola
286,Phillip,Anderson,Andrewmouth,Pennsylvania,Bouvet Island (Bouvetoya)
287,Allison,Herrera,Timothymouth,Alaska,Somalia
288,Michael,Suarez,Conniehaven,Michigan,Hong Kong
289,Elijah,Perez,Karenport,West Virginia,Slovakia (Slovak Republic)
290,Hayley,Moore,Stephenshaven,Utah,El Salvador
291,Lisa,Mitchell,Cynthiaton,Florida,Jersey
292,Devin,Gregory,Teresashire,New Hampshire,Turks and Caicos Islands
293,Gordon,Roberts,West Kimberly,Wisconsin,Guam
294,Sandra,Lyons,Christopherchester,Colorado,British Indian Ocean Territory (Chagos Archipelago)
295,Jacqueline,Williams,Peterberg,Alaska,Bhutan
296,Thomas,Williams,Williamsland,Montana,French Southern Territories
297,Victoria,Ochoa,South Ashleyfort,South Dakota,Panama
298,Jonathan,Stewart,Jenningshaven,Florida,Niger
299,David,Hall,North Stephaniefort,Louisiana,Niger
300,Stanley,Terry,Lake Heidi,Oklahoma,Samoa
301,Roy,Hernandez,East Josephfurt,Rhode Island,Moldova
302,Brandon,Jones,Theresaview,Montana,Niue
303,Chelsea,Delacruz,Amandafort,North Carolina,Myanmar
304,George,Lynch,Martinland,Washington,Lithuania
305,Denise,Hayden,Armstrongshire,Vermont,Greece
306,Kelly,Harris,Nicholasburgh,New York,Thailand
307,Kathleen,Wilson,Brandonburgh,Wisconsin,Senegal
308,Lucas,Mckay,West Kimberlychester,Oklahoma,Tokelau
309,Breanna,Jenkins,Powellchester,Idaho,Central African Republic
310,Robert,Tate,Butlerside,Connecticut,Mayotte
311,William,Cox,Carrview,Delaware,Micronesia
312,Aaron,Jones,Whitechester,New Hampshire,Tunisia
313,Morgan,Herrera,North Cherylbury,South Carolina,Kuwait
314,Rebecca,Mooney,West Courtney,Wisconsin,Saint Vincent and the Grenadines
315,Aaron,Brown,Robinsonville,Oregon,Ukraine
316,Michelle,Lane,Sparksfort,South Carolina,Qatar
317,Christina,Jenkins,North Lindsay,Massachusetts,Guinea
318,James,Thomas,Port Ashleymouth,Missouri,Austria
319,Steven,Monroe,Moyerstad,Vermont,Afghanistan
320,Heather,Bruce,South Tiffanychester,Arizona,Korea
321,Natasha,Perry,Lake Amandaburgh,Mississippi,Jordan
322,Robert,Jefferson,Lake Jonathanberg,Rhode Island,Anguilla
323,Tasha,Conner,Lake Brenda,Alabama,Tajikistan
324,Bobby,Sanchez,Nancyside,North Carolina,Poland
325,Bryan,Harrington,Sanchezside,New York,Lesotho
326,James,Pugh,West Stevenport,Florida,Iceland
327,Jason,Johnson,Port Kimberly,Connecticut,Benin
328,Tyler,Day,Lake Nicholasstad,Florida,Pakistan
329,Dana,Jones,West Cassandraview,Michigan,Angola
330,Jason,Burns,New Michael,Nevada,Mali
331,Jennifer,Wilson,Mariaview,Arkansas,Korea
332,Kevin,Dunn,Ramirezburgh,Maine,Tunisia
333,Henry,Baker,West Davidbury,Ohio,Tokelau
334,Meghan,Cunningham,Davidmouth,Mississippi,North Macedonia
335,Kristy,Yoder,Stephanietown,Hawaii,Hungary
336,Duane,Salas,East Noahmouth,North Dakota,Montenegro
337,Diane,Green,Anthonyside,Alaska,Indonesia
338,Matthew,Smith,North Diana,Maryland,South Georgia and the South Sandwich Islands
339,Jennifer,Duffy,Port Cassandra,Iowa,Liechtenstein
340,William,Bridges,Port Pamelaberg,Idaho,Montserrat
341,Ethan,Brown,Hopkinschester,Indiana,Pitcairn Islands
342,Mathew,Hale,Marktown,Tennessee,Spain
343,Laura,Sanders,Walkerville,Montana,Namibia
344,Jesus,Cox,Michaelmouth,Vermont,Cyprus
345,Leah,Jackson,Emilybury,Illinois,Uruguay
346,Tami,Jacobs,New Margaret,Hawaii,Ethiopia
347,Nicholas,Osborn,Smithchester,Massachusetts,Kazakhstan
348,Justin,Chen,South Scott,Mississippi,Lebanon
349,Alexander,Lane,North Shelley,Arizona,Cape Verde
350,Teresa,Allen,North Jenniferview,Rhode Island,Congo
351,Patricia,Woods,Cookbury,Idaho,Mexico
352,Samuel,Hudson,Mcgrathland,Nevada,Portugal
353,Catherine,Woodard,South Kathleen,Iowa,Japan
354,Tracy,Garcia,East Morgan,Utah,Saint Pierre and Miquelon
355,Elaine,Roberson,North Shellyview,Michigan,Malta
356,Robert,Payne,Thomaston,Wisconsin,Andorra
357,Andrew,Smith,New Terriport,Georgia,Uruguay
358,Gregory,Davenport,Micheleshire,Virginia,United States of America
359,Brandi,Myers,West Christophershire,Minnesota,Rwanda
360,Travis,Wright,Victorfurt,Alabama,Chad
361,Jared,Hood,East Aprilside,Vermont,Cape Verde
362,Daniel,Acevedo,Port Timothystad,Utah,Guadeloupe
363,Joshua,Brown,South Markside,California,Ghana
364,Emily,Coffey,Lake Jordantown,Hawaii,Norfolk Island
365,David,Adams,West Cody,New Jersey,Finland
366,Courtney,Mays,Port Erin,Ohio,Syrian Arab Republic
367,Logan,Johnson,Martinport,Montana,Fiji
368,Richard,Wilson,Patriciatown,Kentucky,Belgium
369,Sherri,Allison,West Susan,Missouri,Ireland
370,Heather,Maddox,Cervantesside,New Hampshire,Faroe Islands
371,Jennifer,Burnett,Knightfort,New Jersey,Isle of Man
372,Katherine,Ferguson,Wilcoxland,Oregon,Central African Republic
373,Manuel,Williams,North Sabrina,Hawaii,Lao People's Democratic Republic
374,Jason,Cook,Edwardsmouth,Florida,Korea
375,Susan,Stafford,Rebeccaberg,Ohio,Congo
376,James,Marquez,East Matthew,North Dakota,British Indian Ocean Territory (Chagos Archipelago)
377,Micheal,Robertson,West Samantha,South Carolina,Brunei Darussalam
378,Scott,Gonzales,Raymondmouth,Indiana,Mexico
379,Dawn,Sanchez,Mayerhaven,New Hampshire,Guam
380,Anthony,Nelson,Port Christinabury,South Carolina,Brazil
381,Samantha,Miller,Quinnville,Illinois,Guinea
382,Sarah,Brown,Patriciachester,New Hampshire,French Polynesia
383,Timothy,Allen,Laurenview,Indiana,Antigua and Barbuda
384,Katelyn,Moore,Lake Matthew,Wyoming,Anguilla
385,Jeffrey,Holmes,Stephenfurt,Minnesota,China
386,William,Jackson,New Logan,New Hampshire,Angola
387,Sydney,Hart,East Marie,Indiana,Norway
388,Mark,Fisher,Foxview,Indiana,Micronesia
389,Aaron,Miller,Lake Danielbury,Indiana,Andorra
390,Juan,Underwood,Gonzalezburgh,Arkansas,Swaziland
391,Barbara,Schmitt,North Bryanview,Connecticut,Andorra
392,Donna,Berry,Frankside,West Virginia,Hungary
393,Scott,Davis,Edwardsmouth,North Dakota,Colombia
394,Paula,Jennings,South Jacob,Maine,Palestinian Territory
395,Brenda,Jones,Willisbury,Wyoming,Malawi
396,Susan,Webb,South Jared,Connecticut,Lesotho
397,Robert,Cameron,Tinatown,Kansas,Senegal
398,Annette,Smith,East Jenniferfurt,New Hampshire,Jordan
399,John,Smith,Susanton,Louisiana,Austria
400,Cristina,Wilson,Robertsport,Arkansas,Falkland Islands (Malvinas)
401,Troy,Daniels,Palmertown,Michigan,Jamaica
402,Luis,Taylor,Tammystad,Florida,Vanuatu
403,Rhonda,Santos,South Christina,Montana,Iraq
404,Daniel,Young,North Jennaville,Hawaii,Croatia
405,Laura,Castillo,Lake Sarah,North Carolina,Botswana
406,Ronald,Brown,North Michaelhaven,Kentucky,Rwanda
407,Patrick,Gill,Josefort,Arkansas,Togo
408,Victoria,Mullins,Port Danielstad,Kansas,Montenegro
409,Nicholas,Allen,West Janicemouth,North Dakota,Tuvalu
410,Alicia,Ball,Sarahport,Pennsylvania,French Southern Territories
411,Willie,Mitchell,Tamifurt,New Hampshire,Svalbard & Jan Mayen Islands
412,John,Ford,Gonzalesbury,Indiana,Honduras
413,Rodney,Harrison,South Jenniferburgh,Michigan,Bulgaria
414,Isaiah,Benton,Blackchester,Pennsylvania,New Zealand
415,Lisa,Garcia,Westmouth,Vermont,Antigua and Barbuda
416,Emily,Gomez,Amberborough,Illinois,Switzerland
417,Dawn,Silva,Ritaburgh,California,Moldova
418,Kara,Reid,Emmaland,Vermont,Wallis and Futuna
419,Daniel,Adams,Lake Carl,Washington,Sudan
420,Dale,Stevens,Lake Robertstad,Georgia,Cocos (Keeling) Islands
421,James,Carter,Stephenland,Delaware,Guam
422,Stephanie,Mooney,West Darren,Kentucky,Gabon
423,Madison,Jones,Lake Donville,Rhode Island,Cocos (Keeling) Islands
424,Kristine,Campbell,Lake Brandon,Colorado,Tokelau
425,Veronica,Johnson,Port Cassiechester,Alabama,Georgia
426,Megan,Wagner,New Angela,Ohio,Bolivia
427,Thomas,Ramirez,North Roberthaven,Arizona,Afghanistan
428,Christina,Webb,Harrisborough,North Carolina,Saudi Arabia
429,Karen,Hess,Lisaside,Connecticut,Norfolk Island
430,Nicole,Wise,North Matthewland,North Carolina,Western Sahara
431,Shelia,Castro,Lake Emilyside,Virginia,Djibouti
432,Robert,Brown,Edwardport,Wyoming,Estonia
433,Brandon,Stanley,East Carolynchester,Rhode Island,Pakistan
434,Dale,Williams,New Bradleyview,South Dakota,Sweden
435,Olivia,Jacobs,Griffithview,Mississippi,Eritrea
436,Andrew,Martinez,Port Kenneth,Georgia,Hong Kong
437,Audrey,Robertson,South Christianmouth,West Virginia,Malaysia
438,Nicole,Howard,Schmidtmouth,Wisconsin,Afghanistan
439,Tiffany,Watson,Thomasberg,Florida,Togo
440,Stephanie,Perry,Drewport,North Dakota,Micronesia
441,Nicole,Aguilar,Stefanieton,Delaware,Mongolia
442,Mandy,Lane,New Heathertown,Washington,Sri Lanka
443,Jeffery,Reynolds,Tateberg,Pennsylvania,Venezuela
444,Nathan,Cook,Port Karl,Massachusetts,Netherlands Antilles
445,Emily,Schmidt,Catherinemouth,Oregon,Trinidad and Tobago
446,Brian,Mcintosh,Port Jane,Delaware,Japan
447,Angela,Peterson,Snowmouth,New Hampshire,Algeria
448,Elizabeth,Knapp,Johnsonstad,South Dakota,Bermuda
449,Colin,Good,Sullivanshire,Nebraska,British Virgin Islands
450,Michael,Jensen,North Jeremyfurt,New Mexico,Jamaica
451,Tyler,Goodwin,Glennstad,Oregon,Honduras
452,Audrey,Lynn,New Jamie,New Mexico,Tunisia
453,Diana,Luna,Lake Jennifer,Iowa,Northern Mariana Islands
454,Christy,Wright,Kelleymouth,Rhode Island,Tanzania
455,Grace,Johnson,Reneeton,Missouri,Sweden
456,Traci,Reed,Kimberlymouth,Delaware,Peru
457,Travis,Hunt,Brandonmouth,Georgia,United States of America
458,Scott,Williams,Jennifermouth,Florida,Kuwait
459,Anne,Mcbride,New Glen,Oregon,Guernsey
460,Terry,Wyatt,New Joshuaside,Massachusetts,Burkina Faso
461,Shannon,Weaver,West Elizabethhaven,Utah,Guatemala
462,Angela,Thomas,Meganmouth,Missouri,Cambodia
463,Robert,Stewart,Davidsonport,Iowa,Svalbard & Jan Mayen Islands
464,Betty,Conley,Craigborough,Rhode Island,Tonga
465,Amanda,Thornton,Normamouth,Indiana,Afghanistan
466,April,Rodriguez,Anthonystad,Tennessee,Philippines
467,Jennifer,West,Lake Darrylfurt,New York,New Caledonia
468,Paige,Walters,South Lindsay,Louisiana,Tonga
469,Tammie,Tanner,Kellishire,New Mexico,Congo
470,Adam,Jacobs,Deleonberg,Pennsylvania,Grenada
471,Patricia,Mitchell,Lake Ricardo,New York,British Indian Ocean Territory (Chagos Archipelago)
472,Laurie,Jones,Port Samanthafurt,Virginia,Maldives
473,Ryan,Wolf,Lake Kellyhaven,Maine,Jersey
474,Kenneth,Moore,New Donaldfurt,Massachusetts,Bangladesh
475,Karl,Ryan,South Ryanmouth,Kansas,Micronesia
476,Amber,Richards,Shieldsport,Nevada,Barbados
477,Amber,Hughes,Jamiefurt,New York,Portugal
478,Timothy,Watkins,New Adambury,Maryland,Anguilla
479,Robert,Sutton,Ryanhaven,Iowa,Montenegro
480,James,Maldonado,Mcdonaldport,West Virginia,Italy
481,Ebony,Rojas,Morrisfort,West Virginia,Cyprus
482,Joseph,Benitez,Williamsfort,Alabama,Angola
483,Samantha,Anderson,East Jonathan,Indiana,Bahrain
484,Denise,George,Port Julie,Virginia,Solomon Islands
485,Sara,Martin,Evansburgh,Nebraska,Andorra
486,Robert,Knight,South Jessica,New Jersey,Costa Rica
487,Scott,Mccullough,Port Susantown,North Dakota,Andorra
488,Harold,Grant,Jessicastad,South Dakota,Israel
489,Cole,Walker,Michaelburgh,Nevada,Saint Pierre and Miquelon
490,Sandra,Garcia,Michealbury,Maine,Ecuador
491,Matthew,Sanchez,West Rhondaland,Delaware,Costa Rica
492,Adam,Nelson,Edwardsshire,South Dakota,Trinidad and Tobago
493,David,Valdez,Hartville,California,Netherlands Antilles
494,Joseph,Bailey,East Juliehaven,Missouri,Rwanda
495,James,Stephens,New Stacy,Nebraska,British Virgin Islands
496,Amy,Baxter,Port Joseph,New York,Korea
497,Ryan,Lee,Lake Jenniferchester,New Mexico,Puerto Rico
498,Brooke,Smith,Castrohaven,Pennsylvania,Costa Rica
499,Dominic,Burch,Scottville,South Carolina,Isle of Man
500,Tiffany,Gray,Katherineside,Kentucky,Saint Barthelemy
501,Margaret,Roth,Clarkstad,Louisiana,Mexico
502,Timothy,Thompson,Howardborough,Alabama,Chile
503,Crystal,Frazier,Thomasborough,Tennessee,Indonesia
504,Sheila,Price,Garciaview,Oklahoma,Malta
505,Gary,Barker,Andersonchester,Arizona,Saint Barthelemy
506,Melinda,Anderson,Jillhaven,California,Sierra Leone
507,Connie,Phelps,Lake Ericchester,Oklahoma,Netherlands
508,Julia,Smith,New Christopherland,Nevada,Ecuador
509,Stacie,Anderson,Rogerside,New Hampshire,Saint Vincent and the Grenadines
510,Jill,Gaines,South Ericmouth,Arizona,Bhutan
511,Christopher,Yates,Pattyside,New Jersey,Togo
512,Jennifer,Smith,Briannamouth,Montana,Cyprus
513,Matthew,Waller,Greenstad,West Virginia,Saint Lucia
514,Donald,Braun,Connerport,Pennsylvania,Albania
515,Andrew,Goodman,Cordovatown,Michigan,Germany
516,Michelle,Davis,South Tara,Colorado,Montenegro
517,Kim,Johnson,West Tyler,Texas,Saint Lucia
518,Dakota,Jones,Warrenton,Colorado,Brazil
519,Ryan,Stephens,Hernandezberg,Utah,Pakistan
520,Christopher,Webb,New Keith,Delaware,Nauru
521,Kelli,Allison,Lake Tracy,Virginia,Estonia
522,Brandy,Mendoza,Port Jessicafurt,Virginia,Reunion
523,Luis,Clark,South Andrea,South Carolina,Norway
524,Donna,Key,North Nicholasfurt,Nevada,Dominica
525,Candice,Ferrell,Williamland,Tennessee,Iran
526,Tricia,Mcgee,Stephenberg,Oklahoma,Trinidad and Tobago
527,Gary,Hampton,Chelsealand,Vermont,Egypt
528,Ashley,Wood,Desireeton,Hawaii,Russian Federation
529,Travis,Lewis,Calvinburgh,Oregon,Saint Barthelemy
530,Matthew,Caldwell,Lauriefurt,Iowa,Sweden
531,Dorothy,Smith,Port Amandamouth,Nebraska,Iran
532,Christian,Richard,West Jenniferberg,West Virginia,Iceland
533,Veronica,Dorsey,Port Roberta,Washington,Dominica
534,Joshua,Hall,Port Susanhaven,Florida,British Indian Ocean Territory (Chagos Archipelago)
535,Anthony,Dawson,New Nicoleburgh,Vermont,Mozambique
536,Katrina,Miller,West Tina,Arizona,Afghanistan
537,Ryan,Vasquez,Teresastad,California,Kiribati
538,Amber,Monroe,North Michelehaven,Massachusetts,El Salvador
539,Erin,Miller,Justinfurt,Arkansas,Sri Lanka
540,Rick,Jenkins,West Samuelburgh,Oregon,Bermuda
541,Jackie,Jones,North Ericshire,Missouri,French Southern Territories
542,Brianna,Anderson,New Debbie,Mississippi,Tanzania
543,Rachel,Tran,Lake Shawnfurt,Indiana,Maldives
544,Antonio,Howard,Orozcoville,Nebraska,Dominican Republic
545,Ronald,Harris,Robertfurt,Missouri,Rwanda
546,Brianna,Giles,Victoriachester,Florida,Singapore
547,Elizabeth,Murillo,Blackburnborough,Arkansas,Burkina Faso
548,Matthew,Perry,South Sarah,Tennessee,Saint Kitts and Nevis
549,Michelle,Hill,Raymondland,Virginia,Rwanda
550,Samantha,Conner,West Mindytown,South Dakota,Gibraltar
551,Willie,Tran,Latashafurt,Mississippi,Latvia
552,James,Gibson,New Charles,Nevada,Guyana
553,Wendy,Duffy,Victoriahaven,Minnesota,Congo
554,Tiffany,Davis,Garzahaven,Ohio,Pakistan
555,Melissa,Gordon,Karenburgh,Maryland,Denmark
556,Hannah,Villanueva,East Patricia,Nevada,Central African Republic
557,Tammy,King,Jayland,Kentucky,Algeria
558,Barry,Bishop,New Renee,Montana,Namibia
559,Lisa,Velasquez,Katrinaview,Maryland,United Arab Emirates
560,Brandon,Martinez,West Dana,Indiana,Comoros
561,Amanda,Castillo,Jocelynshire,New Mexico,Cook Islands
562,Gregory,Bautista,Hahntown,North Carolina,Greenland
563,Donna,Jones,Port Paulstad,Rhode Island,Guatemala
564,Grant,Tran,West Brendaview,Indiana,Pitcairn Islands
565,Chelsea,Jacobs,North Shaneport,North Carolina,Lesotho
566,Lauren,Wright,Jenkinsmouth,Oklahoma,Pitcairn Islands
567,Jacob,Parker,Stevenborough,Delaware,Estonia
568,Nancy,Pacheco,West Jenniferfort,Maryland,Hungary
569,Mark,Anderson,Lake Johnfurt,Ohio,Iraq
570,Nicholas,Kaiser,Port Stephanie,Illinois,Lebanon
571,Misty,Huffman,East Georgeshire,New Hampshire,Nauru
572,Laurie,Rojas,Meaganburgh,West Virginia,Malawi
573,Christopher,Woods,East Edwinton,Idaho,Dominica
574,Joshua,Wheeler,North Danielle,Arizona,Israel
575,Daniel,Golden,Keithberg,Washington,Cape Verde
576,Rebecca,Jensen,South Justinside,New Hampshire,Australia
577,Betty,Johnson,Carlosside,Idaho,Cayman Islands
578,Arthur,Johnson,Brendanfurt,Louisiana,Bangladesh
579,Rachael,Romero,Hayneshaven,Nevada,Algeria
580,Samuel,Brown,Dennisville,Tennessee,United Kingdom
581,Shelly,Baird,Port Julian,Nevada,Slovenia
582,Ashley,Davis,Deborahmouth,South Dakota,Falkland Islands (Malvinas)
583,Stacey,Price,Jessicachester,Mississippi,Barbados
584,Angie,Williams,Salasstad,New Mexico,United Kingdom
585,Barbara,Knapp,East Jasonstad,Indiana,Senegal
586,Karen,Chandler,Kristinview,New Hampshire,Haiti
587,Calvin,Shea,North Deborahburgh,Maine,Cayman Islands
588,Laura,Carroll,East Nicoleland,Alabama,Egypt
589,Robin,Price,South Kathrynberg,Connecticut,Portugal
590,Jason,Thomas,East Susan,Nevada,Serbia
591,Kathleen,Malone,East Carlosberg,Georgia,Timor-Leste
592,Kaitlyn,Long,Jonesville,Idaho,Benin
593,Megan,Rollins,Richardsonshire,North Dakota,Brazil
594,Juan,Hart,Garciaberg,Pennsylvania,Finland
595,Douglas,Moody,East Christopher,Oklahoma,Northern Mariana Islands
596,Emily,Kim,Barbaraborough,Maryland,Bosnia and Herzegovina
597,Robert,Smith,Stoneland,Oklahoma,Egypt
598,Felicia,Michael,Luistown,Florida,Mozambique
599,Bethany,Smith,New Kathy,Utah,Sweden
600,Erin,Steele,Fostermouth,Mississippi,New Caledonia
601,Anne,Smith,New Carol,Tennessee,Spain
602,George,Hernandez,Mortonville,West Virginia,Denmark
603,Erin,Humphrey,New Donaldtown,Michigan,Cameroon
604,Toni,Fox,North William,New York,Barbados
605,Matthew,Armstrong,Melissafurt,Hawaii,Nigeria
606,Christopher,Calhoun,West Robert,California,United States Virgin Islands
607,Paige,Hutchinson,Kylemouth,New Mexico,Somalia
608,Lindsey,Stark,Reyesshire,South Dakota,Monaco
609,Patricia,Jones,Port Stefanieberg,Arkansas,Ecuador
610,Craig,Merritt,Port Shannonstad,Arizona,Zambia
611,Courtney,Greene,Leslieburgh,Iowa,Yemen
612,Dennis,Wright,Erinbury,Arizona,Japan
613,Steven,Brown,Kelleymouth,Michigan,Egypt
614,Dawn,Jackson,Buckstad,Connecticut,United States Minor Outlying Islands
615,Emma,Hodges,West Tonya,Indiana,Finland
616,Tiffany,Lane,Tashamouth,Maryland,Swaziland
617,Sheri,Campbell,Glennchester,New Hampshire,Falkland Islands (Malvinas)
618,Laura,Shaffer,Markmouth,Texas,Netherlands
619,William,Clark,Brianafurt,Utah,Nauru
620,Jennifer,Grimes,North Ryan,Montana,Martinique
621,Kathryn,Harrison,West Ryan,Oklahoma,Indonesia
622,Cindy,Santana,Lake Tyler,Louisiana,Luxembourg
623,Randall,Burnett,Castilloville,Maryland,Suriname
624,Kimberly,Landry,Martinezmouth,New Mexico,Niue
625,Barbara,Rhodes,Baileyfort,Iowa,Lebanon
626,Tanya,Watkins,Ronaldbury,South Dakota,Iran
627,Joann,Hardy,Ericside,Iowa,Mexico
628,Aaron,Logan,South Sandra,Florida,Tanzania
629,Valerie,Hernandez,Wilsonstad,Nebraska,Senegal
630,Hayley,Evans,Jacobville,Arizona,Israel
631,David,Hicks,Port Angelatown,Delaware,British Indian Ocean Territory (Chagos Archipelago)
632,Jessica,Hunt,East Michelleberg,Ohio,Cyprus
633,Joseph,Wang,Oliviaville,North Carolina,Belarus
634,Michael,Farmer,Hurleybury,South Carolina,Isle of Man
635,William,Rogers,East Thomasburgh,South Carolina,Brunei Darussalam
636,Charles,Dean,North Bradland,Massachusetts,Trinidad and Tobago
637,Kevin,Howe,Gentryview,Oklahoma,Suriname
638,Francisco,Wolf,East Jessica,North Carolina,Turks and Caicos Islands
639,Bruce,White,Bishopborough,North Dakota,Saint Barthelemy
640,Sarah,Dodson,Wolfeborough,Arizona,Sudan
641,Martin,Johnson,Suarezfurt,Nevada,Bahamas
642,David,Lewis,Lake Deborah,Arizona,Rwanda
643,Douglas,Pearson,Denisehaven,Maine,Serbia
644,Anita,Wang,Riveramouth,Vermont,Nepal
645,Todd,Vazquez,Rebeccaton,Alabama,Greenland
646,Kristen,Peterson,Caldwellberg,Delaware,American Samoa
647,Drew,Miller,North Amyton,Ohio,Poland
648,James,Farley,South Howard,Connecticut,United States Minor Outlying Islands
649,Leah,Carter,East Andreabury,Georgia,Denmark
650,Brian,Schneider,Guzmanchester,West Virginia,Brazil
651,Roy,Fernandez,Hillview,Washington,Heard Island and McDonald Islands
652,Christopher,Taylor,East Thomasland,New York,Kuwait
653,Christopher,Montgomery,Bonillabury,Maine,Bolivia
654,Kevin,Taylor,Carpenterbury,Kansas,Pakistan
655,Kaitlin,Martinez,North Roberttown,New Hampshire,United States Minor Outlying Islands
656,Jacob,Martinez,West Stephenstad,Alabama,Monaco
657,Randy,Herrera,East Williamhaven,New Mexico,Peru
658,Lisa,Taylor,Wendychester,Colorado,Suriname
659,Shawn,Hendrix,Port Robertberg,Kansas,San Marino
660,Andrew,Martin,New Kenneth,Colorado,Gabon
661,Troy,Molina,North Vincent,Texas,Cambodia
662,Stacy,Davis,Humphreyport,North Carolina,Sri Lanka
663,Joel,Martin,New Amy,Michigan,Bosnia and Herzegovina
664,Dustin,Blake,West Samuel,Arizona,Egypt
665,Anna,Thomas,Ramoschester,Wisconsin,Svalbard & Jan Mayen Islands
666,Patricia,Levine,Robinsonland,New Hampshire,Poland
667,Shirley,Thompson,Lake Scottchester,Connecticut,Papua New Guinea
668,Tiffany,Gonzales,Lake Russellport,Colorado,Trinidad and Tobago
669,Cody,Montgomery,East Carrie,Alaska,Czech Republic
670,Austin,Sampson,Stephanieport,Oregon,Comoros
671,Timothy,Miller,Lake Alexander,Arkansas,Maldives
672,Joel,Davis,Hoffmanbury,Alaska,Benin
673,Cathy,Juarez,South William,North Dakota,Barbados
674,Amy,Moore,Waremouth,Florida,Singapore
675,Michael,Jensen,West Phillip,Idaho,Ghana
676,Amanda,Wilson,Rogersfurt,North Dakota,Ireland
677,Sarah,Johnson,Rodriguezport,Maryland,Uganda
678,Michelle,White,Lake Amanda,Illinois,Qatar
679,Lisa,Harris,East Annaview,Connecticut,North Macedonia
680,Alec,Olsen,East Josephberg,Ohio,Sweden
681,Laura,Wood,East Zachary,Indiana,Cocos (Keeling) Islands
682,Anita,Hurst,West Jeremyburgh,North Carolina,Singapore
683,Morgan,Shaffer,Padillabury,Washington,Jamaica
684,Sara,Murillo,West Royborough,North Carolina,Armenia
685,Brandon,Ryan,Anthonyside,Michigan,Bangladesh
686,Michelle,Palmer,Juliechester,Virginia,Azerbaijan
687,Rachel,Compton,Prattshire,Connecticut,Malta
688,Nathan,White,New George,Michigan,Palau
689,Kevin,Hatfield,Port Cheryl,Texas,Saint Pierre and Miquelon
690,Scott,Lewis,South Jason,Rhode Island,Gibraltar
691,Edward,Jackson,West Terri,Nevada,French Guiana
692,Adam,Villegas,North Yolandaside,Massachusetts,Azerbaijan
693,Sean,Howe,Lake Kayla,Missouri,Austria
694,Trevor,Castro,Meghanland,Maine,Maldives
695,Ann,Moody,North Timothy,Wyoming,Kiribati
696,Mark,Mcdonald,Adambury,Arkansas,Saint Barthelemy
697,Olivia,Baker,North Davidville,Georgia,Ecuador
698,Emily,Duncan,South Jeremy,Nevada,Iran
699,Danielle,Sanchez,East Wendy,Louisiana,Svalbard & Jan Mayen Islands
700,Patrick,Garza,Port Thomasport,Virginia,Malaysia
701,Bridget,Cortez,North Nathanview,Connecticut,Benin
702,Deborah,Thompson,Jenniferside,North Carolina,Norway
703,Howard,Smith,Cynthiafurt,Wyoming,Portugal
704,Karen,Figueroa,North Chrisberg,New Hampshire,Antarctica (the territory South of 60 deg S)
705,Mary,Parker,Wrightstad,Utah,Saudi Arabia
706,Michelle,Foster,Derekmouth,Iowa,Cote d'Ivoire
707,Eric,Lee,Amytown,Montana,Belarus
708,Robert,Petty,East Petermouth,Minnesota,Palestinian Territory
709,Alexis,Porter,Albertberg,Utah,Tuvalu
710,David,Morris,Lake Jennifer,Iowa,Finland
711,David,Olsen,West Samantha,West Virginia,Tunisia
712,Christine,Thomas,Herreramouth,Maine,Micronesia
713,Darren,Warner,North Stephanieville,Washington,Kenya
714,Latoya,Proctor,Christinafort,New Jersey,Israel
715,Melissa,Guerrero,South Randy,New Hampshire,Cote d'Ivoire
716,Vickie,Mays,Jamesland,Alaska,Denmark
717,Derek,Hudson,Ericksonberg,North Carolina,Algeria
718,Timothy,Daniels,Ellisonside,Colorado,Niue
719,Kimberly,Reynolds,North Harold,Hawaii,Haiti
720,Jeffrey,Johns,Malikton,Kentucky,Spain
721,Shirley,Meyer,Spencerhaven,Washington,Bolivia
722,Megan,Floyd,Silvamouth,Indiana,Slovakia (Slovak Republic)
723,Amy,Chambers,Nicolasmouth,Georgia,Malaysia
724,Robert,Mcneil,South Steven,Delaware,Saudi Arabia
725,Dakota,Mcgrath,North Brian,Maryland,Cyprus
726,Jennifer,Martinez,Castanedaberg,Missouri,Taiwan
727,Teresa,Gamble,South Alan,Texas,Bouvet Island (Bouvetoya)
728,Valerie,Davila,Simmonsview,Minnesota,Faroe Islands
729,Gary,Holland,West Jessicaside,Nebraska,Jersey
730,Timothy,Castro,New Royborough,North Dakota,Costa Rica
731,Douglas,Parker,East Cynthia,Massachusetts,United Arab Emirates
732,Amanda,Huynh,East Nicole,North Dakota,Honduras
733,Melissa,Eaton,Port Morganton,Washington,Ethiopia
734,Kristin,Kaiser,Mooreborough,West Virginia,El Salvador
735,Heather,Hughes,West Allenchester,Pennsylvania,Hong Kong
736,James,Carter,Brownshire,Oklahoma,Estonia
737,Jason,Cooper,Davisville,Connecticut,United States Minor Outlying Islands
738,Lance,Navarro,Smithburgh,Texas,United Kingdom
739,Nathan,Gomez,West Brianmouth,Florida,Comoros
740,Daniel,Stein,Oconnorberg,Nevada,British Virgin Islands
741,Joseph,Brown,West Marialand,Indiana,South Africa
742,Willie,Chen,Williamschester,Virginia,Cote d'Ivoire
743,April,Hoffman,Bradyberg,Wisconsin,Puerto Rico
744,Glen,Vega,Richardsonview,Idaho,Korea
745,Kenneth,Thomas,Port Sarahfurt,South Carolina,Reunion
746,Nicole,Riley,Mackview,Hawaii,Mauritania
747,Paul,Johnston,Port Vickiberg,Kansas,Gibraltar
748,Hannah,Scott,Annafort,Rhode Island,Tanzania
749,Charles,Stokes,New Joel,Utah,Western Sahara
