Shipper_ID,Shipper
1,Bennett LLC
2,"Martin, Jenkins and Barker"
3,Jennings Group
4,Taylor-Reed
5,Ortiz and Sons
6,Phillips-Jefferson
7,"Simon, Guzman and Smith"
8,"Taylor, Thornton and Lang"
9,Jenkins-Morris
10,"Walsh, Smith and Johnson"
11,Day Inc
12,"Foster, Knight and Conner"
13,Hodges PLC
14,Rasmussen-Franklin
15,Alexander Inc
16,Bray Inc
17,Vincent PLC
18,Gonzalez-Knox
19,"Rivers, Clark and Alvarez"
20,Cunningham Inc
21,Rodriguez Ltd
22,"Cantu, Adams and Cook"
23,"Dixon, Smith and Harris"
24,"Mata, Buckley and Watson"
25,Nelson-Brooks
26,Yang PLC
27,Vargas-Lopez
28,Smith PLC
29,Foster-Dudley
30,"Huang, Kelly and Miller"
31,Lane Group
32,"Reyes, Harris and Mills"
33,Sullivan-Cowan
34,Rodgers Group
35,"Martin, Cunningham and Baird"
36,Dixon and Sons
37,"Chandler, Hammond and Santana"
38,Barber-Duran
39,Hood-Moore
40,Olson-Ramos
41,Allen-King
42,"Benson, Robinson and Martin"
43,"Ramos, Kelly and Hayes"
44,"Salazar, Spears and Stein"
45,Brown-Logan
46,Figueroa-Carson
47,"Mcclain, Kennedy and Moore"
48,"Medina, Johnson and Baker"
49,Green PLC
50,Thompson-Singh
51,Adams Group
52,Russell-Rios
53,Miller and Sons
54,"Gibson, Mccarthy and Butler"
55,Sheppard PLC
56,"Norton, Guzman and Turner"
57,Deleon-Fuentes
58,Rice and Sons
59,Whitehead Ltd
60,Townsend-Brown
61,Wilkerson LLC
62,Simpson-Fleming
63,Miles Ltd
64,"Villanueva, Lynch and Meadows"
65,Perry-Walker
66,Perez-Jackson
67,"Olson, Contreras and Richards"
68,Rice LLC
69,Hunt-Hill
70,Sparks-Davidson
71,Rogers and Sons
72,Clarke PLC
73,Clark LLC
74,"Bell, Daugherty and Holmes"
75,Baker-Garza
76,Henderson-Chambers
77,Young-Wilson
78,Williams PLC
79,"Goodwin, Warner and Sims"
80,"Parker, Davis and Guerrero"
81,Snow and Sons
82,Morrow Ltd
83,Collier-Carter
84,"Wilson, Brooks and Parker"
85,Zimmerman and Sons
86,"Adams, Mcintyre and Pena"
87,"Martinez, Lewis and Mays"
88,"Lee, Duncan and Green"
89,Turner LLC
90,Thomas-Rice
91,Dougherty Group
92,"Gates, Pruitt and Brown"
93,Johnson-Tanner
94,Reese Inc
95,Price Ltd
96,Acosta Group
97,"Horn, Griffin and Dickson"
98,Barton-Hickman
99,Bowman Ltd
