Supplier_ID,CompanyName,SupplierName
1,Whitaker-Reynolds,Victoria Turner
2,"Summers, Parsons and Mcdaniel",Jeremy Stark
3,Mullen-Fernandez,Amanda Sullivan
4,"Jackson, Meyers and Ross",Kelly Gilbert
5,"Gonzalez, Bates and Boyd",Patrick Harris
6,Cooper and Sons,Mackenzie Guzman
7,"Harmon, Richardson and Colon",Thomas Herring
8,Sanchez-Howard,Alfred Haynes
9,Taylor-Dunn,Andrew Garcia
10,"Morgan, Kim and Taylor",Charlene Sellers
11,Mcbride-Delgado,Anthony Hess
12,"Brown, Cain and Anderson",Yvonne Kelly
13,Thompson-Kane,Stacy Anderson
14,"Larsen, Smith and Fernandez",Kimberly Howell
15,"Jimenez, Nelson and Hayes",Timothy Reid
16,Moore Ltd,Brian Riggs
17,"Pennington, Sanchez and Williams",Michael Lindsey
18,"Ward, Martinez and Floyd",Bobby Baker
19,Richardson Group,Michele Rogers
20,"Smith, Nicholson and Taylor",Austin Silva
21,Esparza Inc,Stephanie Robertson
22,"Vargas, Jones and Williams",Scott Garcia
23,"Coffey, Griffin and Barton",Jonathan Collins
24,Whitaker Ltd,Kimberly Anderson
25,"Underwood, Keller and Morgan",James Maldonado
26,"Park, Fuentes and Williams",George Pham MD
27,Fields-Brown,Christine Ramirez
28,Taylor-Hernandez,Hannah Young
29,Leach-Webb,Renee Williams
30,Orr LLC,David Snyder
31,Taylor-Hubbard,Andrew Eaton
32,"Turner, Santiago and Conner",Michael Glass
33,Clark PLC,James Noble
34,Cohen PLC,Taylor Dudley
35,"White, Martinez and Bishop",Louis Fletcher
36,Medina-Johnson,Belinda Patterson
37,"Walker, Rivas and Rivas",Felicia Gardner
38,"Fowler, Meyer and Smith",Danielle Lee
39,"Ferguson, Craig and Cruz",Anthony Mckinney
40,Mendez-Crane,Amy Mccann
41,"Stewart, Johnson and Wu",Joshua Ward
42,"Vang, Lester and Middleton",David Soto
43,"Mayo, Vargas and Green",Morgan Skinner
44,Williams-Wu,Tracey Cook
45,"Stein, Kidd and Massey",Trevor Robinson
46,Diaz Ltd,Ms. Rachel Williams
47,Armstrong-Jones,Michael Castillo Jr.
48,"Hensley, Mcgee and Simpson",Stephanie Rodriguez
49,Brown-Ramirez,Chad Robbins
50,"Madden, Scott and Lynn",Jennifer Morris
51,Blair-Medina,Crystal Buchanan
52,King-Zimmerman,Joel James
53,"Johnson, Lopez and Rodriguez",Tammy Keith
54,"Villegas, Wolfe and Garcia",Corey Hansen
55,Little LLC,Barbara Cardenas
56,Hancock Inc,Deborah Williams
57,Nunez PLC,Amy Santos
58,Alvarez Ltd,Kristen Smith
59,"Smith, Alexander and Young",Sandy Alvarado
60,"Sexton, Peterson and Jackson",Robin Davis
61,Byrd Group,Crystal Young
62,"Elliott, Roberson and Walker",Samuel Underwood
63,Roth Inc,Nicholas Hall
64,"Cook, Smith and Dean",Casey Shaffer
65,Robinson-Carrillo,Mr. Daniel Jackson Jr.
66,Larson Ltd,James Cooper
67,Tyler-Jones,Rachel Barker
68,"Barnes, Gross and Contreras",Richard Schwartz
69,Kent-Krueger,Anthony Thompson
70,Morgan and Sons,Rhonda Guzman
71,"Sawyer, Brown and Shaw",Kristen Jones
72,Gutierrez Ltd,Steven Myers
73,Taylor LLC,Dr. Andrew Tapia DVM
74,Fernandez Inc,Douglas Thompson
75,"Lewis, Nelson and Bell",Jennifer Meadows
76,"Hartman, Carter and Pacheco",Sarah Martin
77,Malone-Maldonado,Joyce Orozco
78,"Waters, Woods and Delacruz",Calvin Daniel
79,Sanders Inc,Ryan Koch
80,Strickland Group,Richard Peterson
81,"Henderson, Moss and Figueroa",Matthew Larson
82,Thompson Ltd,Lisa Turner
83,Austin-Greene,Joseph Howard
84,Whitaker and Sons,Daniel Mccann
85,Walsh Inc,Jesse Figueroa
86,Coleman and Sons,Michael Kelly
87,Harris LLC,Peter Woodward
88,Brown-Sweeney,Keith Rivera
89,Johnson-Beck,Gina Walker
90,Gamble-Hicks,Beth Bailey
91,Barker-Garcia,Ricky Stevenson
92,"Conley, Brown and Brown",Joseph Garcia
93,Wu-Espinoza,Anthony Calderon
94,Cherry-Steele,Steve Matthews
95,Smith Ltd,Miguel Maxwell
96,Perkins Ltd,Max Knight
97,Wheeler-Singh,Alan Wright
98,Stephens-Andersen,Kaylee Chandler
99,"West, Butler and Adams",Chad Washington Jr.
100,"Li, Smith and Wilson",Katherine Moore
101,Austin and Sons,Laura Aguirre
102,"Murphy, Thomas and Brock",Angela Sawyer
103,"Franklin, Rubio and Hawkins",Kathryn Burns
104,Jacobs Inc,Joshua Watson
105,Ponce Inc,Terri Johnson
106,"Benton, Grant and Wilkerson",Larry Sanchez
107,"Buchanan, Thompson and Dalton",Adam Howe
108,Smith PLC,Danielle Morales
109,"Payne, Romero and Webb",Mark Johnson
110,Johns-Parks,Crystal Diaz
111,Kennedy Group,Jason Ryan
112,"Erickson, Chapman and Hernandez",Cody Lopez
113,Cook-Morris,Cindy Townsend
114,"Sharp, Brown and Garcia",Tony Horn
115,Atkinson PLC,Allen Fisher
116,"Phillips, Clarke and Stephens",Patrick Holt
117,Torres-Johnson,Amanda Hickman
118,Terry-Smith,Zachary Ewing
119,"Hughes, Stewart and Hudson",Oscar Wise
120,"Payne, Smith and Alvarez",John Carlson
121,Norman LLC,Alicia Lewis
122,"Morrison, Edwards and Obrien",Rebecca Douglas
123,Spencer-Potter,Andrew Rollins
124,Anderson Group,Daniel Peterson
125,"Simmons, Morales and Keith",Amy Yang
126,Mckenzie Group,Whitney Wiley
127,Sandoval Group,Melissa Montes
128,"Pittman, Mendez and Smith",Ronald Stephens DDS
129,"Thomas, Gilbert and Moore",Javier Bass
130,Robles PLC,Angela Peterson
131,"Mcguire, Carroll and Jensen",John Smith
132,"Barnes, Goodman and Harris",Rebecca Stevens
133,Bentley-Vasquez,Taylor Brown
134,Martinez-Reynolds,Autumn Harrison
135,Cunningham-Bell,Lisa Shaw
136,James-Simmons,Geoffrey Hull
137,Ward-Thornton,Rickey Perkins
138,"Hill, Barnett and Francis",Gerald Martin
139,Jones-Ramirez,Briana Bright
140,Bowman-Mack,Bobby Young
141,Hall-Murphy,Rachel Hill
142,Maddox LLC,Daniel Pratt
143,Mills-Chung,Barbara Stafford
144,"Hall, Bonilla and Green",Christina Mcmahon
145,Cobb Inc,Ashley Sheppard
146,"Knight, Thomas and Fisher",Derek Thomas
147,Jones-Webb,Kathryn Byrd
148,Coleman and Sons,Erica Arnold
149,"Ayala, Burnett and Acosta",Dean Lynn
150,Caldwell-Valdez,Charles Sampson
151,Chang PLC,Dawn Stuart
152,Gibson and Sons,Jason Anderson
153,"Gutierrez, Shepherd and Khan",Joseph Gentry
154,"Stanley, Flores and Evans",Eric Johnson
155,Martin-Tyler,Tonya Williams
156,Munoz Group,Harry Hill
157,Holmes and Sons,Karen Miller
158,Suarez Group,John Cummings
159,Fuller LLC,Ricardo Martinez
160,"Russo, Lewis and Hayes",James Fletcher
161,Fry PLC,Kathryn Schwartz
162,Smith Inc,William Sheppard
163,Moses-Cannon,Jessica Johnson
164,Howard Ltd,Danielle Singleton
165,Johnson-Richards,Christy Chase
166,Patel PLC,Monica Phelps
167,Stein-Miller,Cassie Miller DDS
168,Bauer-Estrada,Richard Bryant
169,Mayer-Johnson,Kenneth Conway
170,Zavala and Sons,Stephanie Rodriguez
171,"Lindsey, Robinson and Donaldson",Hayley Collins
172,Howard-Collins,Vanessa Garcia
173,"Shaffer, Allison and Walker",Gregory Sharp
174,Miles Group,Laurie Parker
175,Marsh-Ochoa,Todd Jones
176,"Ray, Aguirre and Wilson",Michele Clark
177,Flynn-Hubbard,Charles Burke
178,"Hansen, Andrews and Douglas",Jeff Mcgee
179,"Fry, Rivera and Nelson",Julie Ford
180,"Martinez, Hanson and Lopez",Randy Osborne
181,Daugherty and Sons,Stephen Garrett
182,Boyd PLC,Brian Anderson
183,Martinez-Rodriguez,Brian Mcbride
184,Landry LLC,Carla Gonzalez
185,Vaughn-Jackson,Lauren Bennett
186,Brown-Stone,Amy Randall
187,"Mejia, Greene and Nguyen",Brandon Hill
188,"Ryan, Morrison and Ayala",Abigail Smith
189,Morris Inc,David Olsen DVM
190,"Martin, Mcdonald and Harper",Matthew Gonzalez
191,Kelley-Harris,Howard Riley
192,"Glover, Rodriguez and Fox",Heather Pena
193,Jones Inc,Brenda Clarke
194,"Turner, Peters and Stewart",Trevor Mclean
195,Barber-Thompson,Gregory Boyd
196,Sanchez PLC,George Pham
197,"Macdonald, Jones and Jackson",Mallory Campbell
198,"Johnson, Peters and Mckenzie",Kiara Watts
199,Edwards-Velez,Seth Frederick
200,Mitchell Inc,Nicole Brooks
